Keepalive run at Sun Sep  7 03:37:44 UTC 2025
Keepalive run at Mon Sep  8 03:45:25 UTC 2025
Keepalive run at Tue Sep  9 03:38:08 UTC 2025
Keepalive run at Wed Sep 10 03:18:44 UTC 2025
Keepalive run at Thu Sep 11 03:37:53 UTC 2025
Keepalive run at Fri Sep 12 03:19:02 UTC 2025
Keepalive run at Sat Sep 13 03:03:04 UTC 2025
Keepalive run at Sun Sep 14 03:36:59 UTC 2025
Keepalive run at Mon Sep 15 03:46:22 UTC 2025
Keepalive run at Tue Sep 16 03:34:40 UTC 2025
Keepalive run at Wed Sep 17 03:19:49 UTC 2025
Keepalive run at Thu Sep 18 03:36:35 UTC 2025
Keepalive run at Fri Sep 19 03:37:37 UTC 2025
Keepalive run at Sat Sep 20 03:18:58 UTC 2025
Keepalive run at Sun Sep 21 03:44:49 UTC 2025
Keepalive run at Mon Sep 22 03:45:35 UTC 2025
Keepalive run at Tue Sep 23 03:35:35 UTC 2025
Keepalive run at Wed Sep 24 03:37:12 UTC 2025
Keepalive run at Thu Sep 25 03:38:30 UTC 2025
Keepalive run at Fri Sep 26 03:36:24 UTC 2025
Keepalive run at Sat Sep 27 02:51:57 UTC 2025
Keepalive run at Sun Sep 28 03:05:33 UTC 2025
Keepalive run at Mon Sep 29 03:01:54 UTC 2025
Keepalive run at Tue Sep 30 02:55:38 UTC 2025
Keepalive run at Wed Oct  1 03:08:44 UTC 2025
Keepalive run at Thu Oct  2 02:54:47 UTC 2025
Keepalive run at Fri Oct  3 02:54:27 UTC 2025
Keepalive run at Sat Oct  4 02:47:50 UTC 2025
Keepalive run at Sun Oct  5 03:04:43 UTC 2025
Keepalive run at Mon Oct  6 02:59:18 UTC 2025
Keepalive run at Tue Oct  7 02:55:11 UTC 2025
Keepalive run at Wed Oct  8 02:55:16 UTC 2025
Keepalive run at Thu Oct  9 02:57:55 UTC 2025
Keepalive run at Fri Oct 10 02:58:33 UTC 2025
Keepalive run at Sat Oct 11 02:51:16 UTC 2025
Keepalive run at Sun Oct 12 02:59:51 UTC 2025
Keepalive run at Mon Oct 13 03:07:13 UTC 2025
Keepalive run at Tue Oct 14 02:58:41 UTC 2025
Keepalive run at Wed Oct 15 03:02:27 UTC 2025
Keepalive run at Thu Oct 16 03:01:04 UTC 2025
Keepalive run at Fri Oct 17 02:59:24 UTC 2025
Keepalive run at Sat Oct 18 02:52:38 UTC 2025
Keepalive run at Sun Oct 19 03:13:19 UTC 2025
Keepalive run at Mon Oct 20 03:12:59 UTC 2025
Keepalive run at Tue Oct 21 03:03:27 UTC 2025
Keepalive run at Wed Oct 22 03:08:26 UTC 2025
Keepalive run at Thu Oct 23 03:01:11 UTC 2025
Keepalive run at Fri Oct 24 02:58:10 UTC 2025
Keepalive run at Sat Oct 25 02:59:38 UTC 2025
Keepalive run at Sun Oct 26 03:07:40 UTC 2025
Keepalive run at Mon Oct 27 03:17:12 UTC 2025
Keepalive run at Tue Oct 28 03:05:02 UTC 2025
Keepalive run at Wed Oct 29 03:13:11 UTC 2025
Keepalive run at Thu Oct 30 03:09:07 UTC 2025
Keepalive run at Fri Oct 31 03:08:15 UTC 2025
Keepalive run at Sat Nov  1 03:08:58 UTC 2025
Keepalive run at Sun Nov  2 03:12:57 UTC 2025
Keepalive run at Mon Nov  3 03:14:50 UTC 2025
Keepalive run at Tue Nov  4 03:07:20 UTC 2025
Keepalive run at Wed Nov  5 03:08:58 UTC 2025
Keepalive run at Thu Nov  6 03:11:40 UTC 2025
Keepalive run at Fri Nov  7 03:08:04 UTC 2025
Keepalive run at Sat Nov  8 02:59:45 UTC 2025
Keepalive run at Sun Nov  9 03:10:52 UTC 2025
Keepalive run at Mon Nov 10 03:16:55 UTC 2025
Keepalive run at Tue Nov 11 03:11:18 UTC 2025
Keepalive run at Wed Nov 12 03:10:13 UTC 2025
Keepalive run at Thu Nov 13 03:12:20 UTC 2025
Keepalive run at Fri Nov 14 03:10:43 UTC 2025
Keepalive run at Sat Nov 15 03:04:38 UTC 2025
Keepalive run at Sun Nov 16 03:15:53 UTC 2025
Keepalive run at Mon Nov 17 03:13:47 UTC 2025
Keepalive run at Tue Nov 18 03:10:06 UTC 2025
Keepalive run at Wed Nov 19 03:09:29 UTC 2025
Keepalive run at Thu Nov 20 03:07:10 UTC 2025
Keepalive run at Fri Nov 21 03:08:19 UTC 2025
Keepalive run at Sat Nov 22 03:01:51 UTC 2025
Keepalive run at Sun Nov 23 03:24:38 UTC 2025
Keepalive run at Mon Nov 24 03:21:36 UTC 2025
Keepalive run at Tue Nov 25 03:12:29 UTC 2025
Keepalive run at Wed Nov 26 03:12:33 UTC 2025
Keepalive run at Thu Nov 27 03:09:17 UTC 2025
Keepalive run at Fri Nov 28 03:09:02 UTC 2025
Keepalive run at Sat Nov 29 03:09:16 UTC 2025
Keepalive run at Sun Nov 30 03:24:21 UTC 2025
Keepalive run at Mon Dec  1 03:48:17 UTC 2025
Keepalive run at Tue Dec  2 03:16:07 UTC 2025
Keepalive run at Wed Dec  3 03:14:52 UTC 2025
Keepalive run at Thu Dec  4 03:16:51 UTC 2025
Keepalive run at Fri Dec  5 03:16:20 UTC 2025
Keepalive run at Sat Dec  6 03:07:09 UTC 2025
Keepalive run at Sun Dec  7 03:24:32 UTC 2025
Keepalive run at Mon Dec  8 03:19:28 UTC 2025
Keepalive run at Tue Dec  9 03:16:15 UTC 2025
Keepalive run at Wed Dec 10 03:20:04 UTC 2025
Keepalive run at Thu Dec 11 03:22:09 UTC 2025
Keepalive run at Fri Dec 12 03:20:49 UTC 2025
Keepalive run at Sat Dec 13 03:13:38 UTC 2025
Keepalive run at Sun Dec 14 03:26:25 UTC 2025
Keepalive run at Mon Dec 15 03:27:39 UTC 2025
Keepalive run at Tue Dec 16 03:22:05 UTC 2025
Keepalive run at Wed Dec 17 03:17:49 UTC 2025
Keepalive run at Thu Dec 18 03:18:32 UTC 2025
Keepalive run at Fri Dec 19 03:21:29 UTC 2025
Keepalive run at Sat Dec 20 03:12:49 UTC 2025
Keepalive run at Sun Dec 21 03:26:36 UTC 2025
Keepalive run at Mon Dec 22 03:39:56 UTC 2025
Keepalive run at Tue Dec 23 03:23:58 UTC 2025
Keepalive run at Wed Dec 24 03:21:36 UTC 2025
Keepalive run at Thu Dec 25 03:24:28 UTC 2025
Keepalive run at Fri Dec 26 03:22:22 UTC 2025
Keepalive run at Sat Dec 27 03:20:29 UTC 2025
Keepalive run at Sun Dec 28 03:44:53 UTC 2025
Keepalive run at Mon Dec 29 03:46:08 UTC 2025
Keepalive run at Tue Dec 30 03:25:13 UTC 2025
Keepalive run at Wed Dec 31 03:24:37 UTC 2025
